"PROVINCE","FED_CODE","FED_NAME","VOTE_COUNT_Liberal","VOTE_COUNT_Conservative","VOTE_COUNT_Bloc","VOTE_COUNT_NDP","VOTE_COUNT_Green","VOTE_COUNT_Other","VOTE_PCT_Liberal","VOTE_PCT_Conservative","VOTE_PCT_Bloc","VOTE_PCT_NDP","VOTE_PCT_Green","VOTE_PCT_Other","WINNER"
"Newfoundland and Labrador",10001,"Avalon",27563,16953,0,2284,0,230,0.5860727195407187,0.3604720391239634,0,0.048564745906867955,0,0.004890495428449926,"Liberal"
"Newfoundland and Labrador",10002,"Cape Spear",31388,11844,0,2446,140,170,0.6825258763155606,0.25754544663825346,0,0.053187788118639646,0.003044272418891885,0.0036966165086544317,"Liberal"
"Newfoundland and Labrador",10003,"Central Newfoundland",17696,21975,0,965,0,0,0.4354759326705384,0.5407766512452012,0,0.023747416084260262,0,0,"Conservative"
"Newfoundland and Labrador",10004,"Labrador",5811,4709,0,764,0,0,0.5149769585253456,0.4173165544133286,0,0.06770648706132577,0,0,"Liberal"
"Newfoundland and Labrador",10005,"Long Range Mountains",19726,23232,0,2011,0,1174,0.4274971284918623,0.50347831740459,0,0.04358190841514423,0,0.025442645688403442,"Conservative"
"Newfoundland and Labrador",10006,"St. John's East",28681,11941,0,5172,159,98,0.6228094938220669,0.25929947232416234,0,0.11231026470652103,0.0034526937525786628,0.0021280753946711253,"Liberal"
"Newfoundland and Labrador",10007,"Terra Nova—The Peninsulas",19593,19605,0,1677,0,0,0.4793394495412844,0.4796330275229358,0,0.04102752293577982,0,0,"Conservative"
"Prince Edward Island",11001,"Cardigan",14404,9442,0,505,326,584,0.5702070385178734,0.37377776018368236,0,0.01999129092276632,0.012905268991726377,0.023118641383951546,"Liberal"
"Prince Edward Island",11002,"Charlottetown",13656,6139,0,906,257,131,0.6475413722793874,0.29109962539712647,0,0.04296078524349187,0.012186447911233344,0.006211769168760965,"Liberal"
"Prince Edward Island",11003,"Egmont",12466,10419,0,585,538,0,0.5192435854715095,0.4339803398867044,0,0.024366877707430856,0.022409196934355214,0,"Liberal"
"Prince Edward Island",11004,"Malpeque",15485,9846,0,371,1049,132,0.5760145817059108,0.36625376632072315,0,0.013800543094148719,0.03902094260313209,0.0049101662760852585,"Liberal"
"Nova Scotia",12001,"Acadie—Annapolis",22491,23024,0,1768,583,432,0.4656714563750052,0.47670711002525984,0,0.0366060706447472,0.012070893204687565,0.00894446975030022,"Conservative"
"Nova Scotia",12002,"Cape Breton—Canso—Antigonish",24908,20870,0,1930,0,570,0.5159285803057293,0.4322879986743444,0,0.039976801027383074,0,0.011806619992543187,"Liberal"
"Nova Scotia",12003,"Central Nova",26078,21465,0,1649,455,566,0.5193475793121303,0.4274789397168064,0,0.032840101169019975,0.009061398442634377,0.011271981359408918,"Liberal"
"Nova Scotia",12004,"Cumberland—Colchester",23929,22701,0,1873,694,333,0.48312134060165557,0.458328285887341,0,0.03781546537452049,0.014011710074702201,0.006723198061780739,"Liberal"
"Nova Scotia",12005,"Dartmouth—Cole Harbour",40367,13557,0,4201,628,881,0.676912499580776,0.2273367542006238,0,0.07044638964349197,0.010530905188315391,0.01477345138679277,"Liberal"
"Nova Scotia",12006,"Halifax",32886,9939,0,8642,422,271,0.6304831288343559,0.19054831288343557,0,0.16568251533742331,0.008090490797546012,0.005195552147239264,"Liberal"
"Nova Scotia",12007,"Halifax West",36200,15020,0,3083,497,384,0.6559872426790374,0.27218034212815306,0,0.05586764279501305,0.009006233690924906,0.006958538706871557,"Liberal"
"Nova Scotia",12008,"Kings—Hants",35836,19773,0,2154,825,591,0.605552645364065,0.3341219013501411,0,0.036398046604369794,0.01394075601142297,0.009986650670001183,"Liberal"
"Nova Scotia",12009,"Sackville—Bedford—Preston",36062,18860,0,2324,526,418,0.6197284756831071,0.3241106719367589,0,0.03993813369994845,0.009039353840866128,0.007183364839319471,"Liberal"
"Nova Scotia",12010,"South Shore—St. Margarets",27831,20864,0,0,818,1198,0.5488158387726528,0.41142947289542703,0,0,0.016130622547376308,0.023624065784543787,"Liberal"
"Nova Scotia",12011,"Sydney—Glace Bay",25766,17978,0,1789,0,1633,0.5462833396938472,0.38116439808336516,0,0.03792986473307043,0,0.03462239748971717,"Liberal"
"New Brunswick",13001,"Acadie—Bathurst",32556,12541,0,2108,0,1043,0.6747637207759907,0.259927872657934,0,0.04369093019399768,0,0.021617476372077598,"Liberal"
"New Brunswick",13002,"Beauséjour",36139,19862,0,1448,1291,891,0.6060438362596636,0.3330817863191964,0,0.024282671764686153,0.02164981301671949,0.014941892639734366,"Liberal"
"New Brunswick",13003,"Fredericton—Oromocto",30750,16200,0,908,1568,743,0.6129283023380973,0.3229085690366561,0,0.018098825968227393,0.03125436026231338,0.014809942394705894,"Liberal"
"New Brunswick",13004,"Fundy Royal",19103,25411,0,1507,961,629,0.4012308080065531,0.5337211988826112,0,0.031652349247022746,0.020184411165486967,0.013211232698326017,"Conservative"
"New Brunswick",13005,"Madawaska—Restigouche",22720,16320,0,1251,0,887,0.5517509349652727,0.3963281363835058,0,0.03038030016027976,0,0.021540628490941766,"Liberal"
"New Brunswick",13006,"Miramichi—Grand Lake",18037,18421,0,968,831,0,0.4714692735969888,0.4815066523773427,0,0.025302559008808845,0.02172151501685966,0,"Conservative"
"New Brunswick",13007,"Moncton—Dieppe",30215,14974,0,1775,994,0,0.6300304433045582,0.3122315359272697,0,0.037011551774469326,0.020726468993702823,0,"Liberal"
"New Brunswick",13008,"Saint John—Kennebecasis",26129,16787,0,1206,737,108,0.5810705628572064,0.3733182111326084,0,0.02681966775635466,0.016389796962216735,0.0024017612916138503,"Liberal"
"New Brunswick",13009,"Saint John—St. Croix",20784,26591,0,1643,794,280,0.41491655354148366,0.5308432484229019,0,0.03279964864649046,0.015850834464585163,0.005589714924538848,"Conservative"
"New Brunswick",13010,"Tobique—Mactaquac",14226,23322,0,812,806,501,0.3586356417172965,0.5879446391206796,0,0.02047041621498979,0.0203191569818741,0.012630145965159956,"Conservative"
"Quebec",24001,"Abitibi—Baie-James—Nunavik—Eeyou",12578,6850,10381,752,0,0,0.411570302018913,0.22414188017407807,0.3396812931514021,0.02460652465560682,0,0,"Liberal"
"Quebec",24002,"Abitibi—Témiscamingue",13551,9861,24774,1480,0,449,0.2703980844058665,0.19676743489973061,0.4943430110745286,0.029532076224683228,0,0.00895939339519106,"Bloc"
"Quebec",24003,"Ahuntsic-Cartierville",30833,7600,8538,3333,0,273,0.6096249283271052,0.15026593115447734,0.1688119105522273,0.06589951954445697,0,0.005397710421733199,"Liberal"
"Quebec",24004,"Alfred-Pellan",32934,12671,12259,2044,0,423,0.545888515025443,0.21002469708773266,0.20319570370124812,0.03387976330576321,0,0.007011320879813031,"Liberal"
"Quebec",24005,"Argenteuil—La Petite-Nation ",28124,14697,13520,1499,807,586,0.47480289703374806,0.24812182398325258,0.2282511437880911,0.025306839093073116,0.013624162206877923,0.009893133894957202,"Liberal"
"Quebec",24006,"Beauce",12057,37604,8595,1100,0,3626,0.19143564828046108,0.5970594773109777,0.1364675621606173,0.017465307548188373,0,0.057572004699755486,"Conservative"
"Quebec",24007,"Beauharnois—Salaberry—Soulanges—Huntingdon",21939,13230,30005,1663,802,675,0.3211493983663671,0.19366454899434962,0.4392218286149252,0.024343472787422785,0.01173990690048892,0.009880844336446409,"Bloc"
"Quebec",24008,"Beauport—Limoilou",21858,18492,17558,2095,924,491,0.35588915301703083,0.30108437265948096,0.2858771044319255,0.034110521345533884,0.01504444950991566,0.007994399036113192,"Liberal"
"Quebec",24009,"Bécancour—Nicolet—Saurel—Alnôbak",14813,11717,25506,1112,738,432,0.27270886262380795,0.2157111822968445,0.46956809897271623,0.020472035052836998,0.013586656357008727,0.007953164696785597,"Bloc"
"Quebec",24010,"Bellechasse—Les Etchemins—Lévis ",18642,32097,12244,1621,0,794,0.28505458882534634,0.4907948255298327,0.187222850851708,0.024786690724486988,0,0.012141044068625952,"Conservative"
"Quebec",24011,"Beloeil—Chambly",23136,9199,32844,2391,0,482,0.3399753129959443,0.13517604185034973,0.48263092928936696,0.035134896843590196,0,0.007082819020748839,"Bloc"
"Quebec",24012,"Berthier—Maskinongé",15056,10641,21676,13457,551,575,0.24301116921686358,0.17175092000774744,0.3498611918135451,0.21720253082832977,0.008893408225192072,0.009280779908322035,"Bloc"
"Quebec",24013,"Bourassa",21198,5905,6206,2137,0,756,0.5855477597922767,0.16311253521904867,0.17142699298381306,0.059029887851499915,0,0.020882824153361693,"Liberal"
"Quebec",24014,"Brome—Missisquoi",34727,13743,20182,1600,1139,561,0.4826412052479431,0.19100233488992663,0.28049255058928174,0.022237046920169,0.015829997776295308,0.007796864576384256,"Liberal"
"Quebec",24015,"Brossard—Saint-Lambert",36541,11076,7837,2049,855,381,0.6220909446875159,0.18856296498067723,0.1334207255826623,0.03488312705357599,0.014555916852517068,0.006486320843051465,"Liberal"
"Quebec",24016,"Charlesbourg—Haute-Saint-Charles ",22597,27698,12346,1752,0,873,0.34622927711212576,0.42438635736830815,0.18916434284313424,0.026843992277755645,0,0.013376030398676186,"Conservative"
"Quebec",24017,"Châteauguay—Les Jardins-de-Napierville",28224,13538,18160,1377,773,429,0.45157677477160363,0.21660453432745075,0.2905553511143822,0.022031647493640102,0.012367802115166157,0.006863890177757156,"Liberal"
"Quebec",24018,"Chicoutimi—Le Fjord",15820,17356,15857,991,476,339,0.31117842601152657,0.34139145144475697,0.31190621373355104,0.01949290898719487,0.009362890694152127,0.006668109128818427,"Conservative"
"Quebec",24019,"Compton—Stanstead",29951,14292,17305,2124,1161,787,0.456430966168851,0.2177994513867723,0.26371533069186226,0.03236818043279488,0.017692776592502287,0.011993294727217312,"Liberal"
"Quebec",24020,"Côte-du-Sud—Rivière-du-Loup—Kataskomiq—Témiscouata",19097,28873,12598,1072,682,670,0.30316548133096266,0.45835979171958346,0.1999936499873,0.017018034036068073,0.010826771653543307,0.010636271272542545,"Conservative"
"Quebec",24021,"Côte-Nord—Kawawachikamach—Nitassinan",10185,9365,16243,640,0,750,0.2739154990183686,0.2518624102412393,0.4368394158620875,0.017212166850442405,0,0.020170508027862195,"Bloc"
"Quebec",24022,"Dorval—Lachine—LaSalle",29927,10428,6338,2104,823,800,0.5935541451804839,0.2068226894089647,0.1257040856802856,0.04172947243157477,0.016322887742959143,0.01586671955573185,"Liberal"
"Quebec",24023,"Drummond",15998,12790,24071,2607,0,773,0.28446451750564555,0.22742225146250822,0.4280125891285407,0.046355731787549564,0,0.01374491011575597,"Bloc"
"Quebec",24024,"Gaspésie—Les Îles-de-la-Madeleine—Listuguj ",21817,7047,26091,1005,0,1024,0.3828618559595676,0.12366629229257335,0.4578653657166924,0.01763652955215499,0,0.017969956479011652,"Bloc"
"Quebec",24025,"Gatineau ",34751,10982,9373,1615,0,678,0.6054286660046342,0.19132737504137703,0.16329552779665152,0.028136378682555446,0,0.01181205247478179,"Liberal"
"Quebec",24026,"Hochelaga—Rosemont-Est",23601,5402,13902,6671,1329,242,0.46143468825151035,0.10561714274542007,0.2718047979353628,0.13042798209083623,0.02598392867616869,0.004731460300701898,"Liberal"
"Quebec",24027,"Honoré-Mercier",29947,10692,6435,1787,568,351,0.6015869827239856,0.21478505423865005,0.12926878264363198,0.03589795098433106,0.011410204901566894,0.007051024507834472,"Liberal"
"Quebec",24028,"Hull—Aylmer",31978,8727,6248,2855,1130,549,0.621088818536718,0.1694990968594014,0.12135102064598831,0.0554508905160526,0.021947287664847437,0.01066288577699225,"Liberal"
"Quebec",24029,"Joliette—Manawan",17890,8721,28196,1408,1014,0,0.3126037498471055,0.15238777542854148,0.4926872739345437,0.024602911111499415,0.017718289678309948,0,"Bloc"
"Quebec",24030,"Jonquière",13172,15314,20247,932,448,516,0.26016709790831344,0.3024748661834127,0.3999091429812953,0.018408422050603408,0.008848683560805072,0.010191787315570128,"Bloc"
"Quebec",24031,"La Pointe-de-l'Île",20051,6781,22940,2279,977,181,0.37683474600161626,0.12744084647334097,0.43113007198030406,0.04283110000187938,0.018361555375970232,0.00340168016688906,"Bloc"
"Quebec",24032,"La Prairie—Atateken",29418,11505,23232,1588,657,361,0.4406464852234089,0.17233115142073965,0.3479875975494675,0.023786342325609264,0.00984107487904615,0.005407348601728554,"Liberal"
"Quebec",24033,"Lac-Saint-Jean",12536,11792,22069,819,0,540,0.26250104698886007,0.24692185275148673,0.462119943043806,0.017149677527431108,0,0.011307479688416115,"Bloc"
"Quebec",24034,"Lac-Saint-Louis",43446,15203,2330,1877,915,471,0.6762865415148968,0.23665203449456743,0.036269107437501946,0.029217645776906075,0.014243018585971793,0.007331652190155973,"Liberal"
"Quebec",24035,"LaSalle—Émard—Verdun",27439,7456,11467,5587,1298,706,0.5085722758697385,0.13819435434544883,0.21253683761792672,0.10355309250644079,0.024057976386855227,0.013085463273589976,"Liberal"
"Quebec",24036,"Laurentides—Labelle",18514,7900,23615,1341,864,749,0.3494328369477002,0.14910442972274127,0.44570900100032085,0.02531000509597418,0.016307117377271956,0.014136609855991545,"Bloc"
"Quebec",24037,"Laurier—Sainte-Marie",27286,4796,8079,9856,1452,932,0.520715253525696,0.09152497089750196,0.15417644701436994,0.18808801358752694,0.02770939485887674,0.01778592011602832,"Liberal"
"Quebec",24038,"Laval—Les Îles",28302,18355,8298,1961,0,0,0.49725911870124395,0.3224927964017148,0.14579380139152434,0.0344542835055169,0,0,"Liberal"
"Quebec",24039,"Les Pays-d'en-Haut ",26967,11816,23750,1493,1038,639,0.41043787954887906,0.1798395811454576,0.36147512290154177,0.022723467725979028,0.015798365371444228,0.009725583306698324,"Liberal"
"Quebec",24040,"Lévis—Lotbinière",20549,33312,13627,1635,0,698,0.2943097348935134,0.4771057418255253,0.1951705074404549,0.02341702353160224,0,0.009996992308904197,"Conservative"
"Quebec",24041,"Longueuil—Charles-LeMoyne",25138,8547,13583,2832,0,800,0.4938703339882122,0.16791748526522593,0.2668565815324165,0.0556385068762279,0,0.015717092337917484,"Liberal"
"Quebec",24042,"Longueuil—Saint-Hubert",24237,8447,23468,2986,0,0,0.40983800601981807,0.14283540194122224,0.3968345226419561,0.05049206939700362,0,0,"Liberal"
"Quebec",24043,"Louis-Hébert",33512,12164,12897,1540,0,332,0.5544213748035404,0.20124079741914136,0.21336752419554966,0.025477707006369428,0,0.005492596575399123,"Liberal"
"Quebec",24044,"Louis-Saint-Laurent—Akiawenhrahk",21693,29525,12465,1607,0,527,0.3295956971603081,0.4485923089779236,0.18938875974292357,0.024416184268502058,0,0.008007049850342616,"Conservative"
"Quebec",24045,"Marc-Aurèle-Fortin",29928,11923,13584,2128,0,0,0.5199173079929816,0.20712957976477947,0.23598492086930842,0.03696819137293053,0,0,"Liberal"
"Quebec",24046,"Mégantic—L'Érable—Lotbinière",12594,34470,9607,1066,0,898,0.21478639038117164,0.5878741366078281,0.1638441204059009,0.01818026775816492,0,0.015315084846934425,"Conservative"
"Quebec",24047,"Mirabel",18796,12544,22494,1333,792,400,0.3335048528185383,0.2225731471459749,0.3991199276069483,0.023651945563264075,0.014052768856793059,0.007097358008481343,"Bloc"
"Quebec",24048,"Mount Royal",25544,20244,1671,2353,0,216,0.5105940673222995,0.4046533940993044,0.0334012952746462,0.047033661149756135,0,0.004317582153993763,"Liberal"
"Quebec",24049,"Mont-Saint-Bruno—L'Acadie",32149,9335,23947,1590,833,397,0.4710407173521267,0.13677455275380582,0.35086665396844,0.023296361958066548,0.01220494937803109,0.005816764589529824,"Liberal"
"Quebec",24050,"Montcalm",15769,13589,27268,1893,0,0,0.2694680360224884,0.23221517797638375,0.4659683179821938,0.03234846801893402,0,0,"Bloc"
"Quebec",24051,"Montmorency—Charlevoix",17101,20494,19970,905,580,357,0.2878616997996869,0.3449761812581009,0.3361556718905179,0.015233894995539246,0.00976315922366051,0.006009392832494487,"Conservative"
"Quebec",24052,"Notre-Dame-de-Grâce—Westmount",34226,10517,2652,3956,1331,808,0.6398579173677322,0.19661618994204524,0.049579360628154795,0.07395774911198355,0.024883155730043,0.01510562722004113,"Liberal"
"Quebec",24053,"Outremont",26024,5911,5644,5024,4539,0,0.5520342794111408,0.1253871282508167,0.1197233889101014,0.10657163463578126,0.09628356879215985,0,"Liberal"
"Quebec",24054,"Papineau",24700,4927,7726,7606,0,1660,0.5298268946137841,0.10568652266243377,0.16572642055814152,0.1631523627705442,0,0.03560779939509642,"Liberal"
"Quebec",24055,"Pierre-Boucher—Les Patriotes—Verchères",24217,7375,28765,1541,0,528,0.38793131067183545,0.11813987761509627,0.4607855701150162,0.024685227309134014,0,0.008458014288918079,"Bloc"
"Quebec",24056,"Pierrefonds—Dollard",34326,17453,3097,1613,0,647,0.6007770932511901,0.30546415569868385,0.054204004480537665,0.028230887706524783,0,0.011323858863063568,"Liberal"
"Quebec",24057,"Pontiac—Kitigan Zibi",32088,16221,6071,2971,749,673,0.5459649839211883,0.27599407891378697,0.1032957310329573,0.050550422813196536,0.012743947050516393,0.011450836268354516,"Liberal"
"Quebec",24058,"Portneuf—Jacques-Cartier",18865,32184,11606,1034,728,524,0.290494448807379,0.49558830322908487,0.17871606535162687,0.01592214471597296,0.011210175389969356,0.008068862505966955,"Conservative"
"Quebec",24059,"Québec Centre",27880,0,20203,4400,0,3836,0.4950371988138994,0,0.3587244091691969,0.0781263871872725,0,0.06811200482963121,"Liberal"
"Quebec",24060,"Repentigny",24419,9583,26593,1722,0,698,0.38751091010076966,0.15207490280092043,0.4220106323891137,0.027326826945965246,0,0.011076727763230976,"Bloc"
"Quebec",24061,"Richmond—Arthabaska",20629,22206,17095,1248,0,1368,0.32982125155885267,0.35503469446487385,0.27331883733572093,0.019953314360630577,0,0.021871902279921977,"Conservative"
"Quebec",24062,"Rimouski—La Matapédia",19201,7324,24947,974,0,1594,0.3553108808290155,0.13552923760177646,0.46163952627683197,0.018023686158401185,0,0.029496669133974834,"Bloc"
"Quebec",24063,"Rivière-des-Mille-Îles",27326,10398,19669,1270,734,490,0.45629268455591365,0.1736269975119809,0.3284352196637,0.021206605774208093,0.012256416250605306,0.008182076243592098,"Liberal"
"Quebec",24064,"Rivière-du-Nord",18345,12203,25438,2032,0,0,0.3161949739735944,0.21033127650039643,0.43845013616463857,0.03502361336137061,0,0,"Bloc"
"Quebec",24065,"Rosemont—La Petite-Patrie",18757,4073,10864,24358,1368,0,0.31566812521036686,0.06854594412655672,0.18283406260518345,0.4099293167283743,0.023022551329518682,0,"NDP"
"Quebec",24066,"Saint-Hyacinthe—Bagot—Acton",19504,10431,25447,1373,800,431,0.336357051702135,0.17988824888766253,0.4388473079708895,0.023678129203600868,0.013796433621908737,0.007432828613803332,"Bloc"
"Quebec",24067,"Saint-Jean",21999,10480,28474,1650,988,624,0.3425835085260453,0.16320174414077707,0.44341664720080975,0.02569493109086662,0.01538581328350074,0.009717355758000467,"Bloc"
"Quebec",24068,"Saint-Laurent",26021,12477,2523,1985,693,486,0.5889102636641395,0.28238089849496434,0.057100826072196444,0.044924748217720946,0.01568405567500283,0.01099920787597601,"Liberal"
"Quebec",24069,"Saint-Léonard—Saint-Michel",26833,8457,2938,2450,0,388,0.6534115813568402,0.20593678468806312,0.07154336921053914,0.05966005941654897,0,0.009448205328008571,"Liberal"
"Quebec",24070,"Saint-Maurice—Champlain",31095,15321,13190,1224,704,706,0.4995983290488432,0.24616002570694087,0.21192159383033418,0.01966580976863753,0.011311053984575836,0.01134318766066838,"Liberal"
"Quebec",24071,"Shefford",26155,11404,26726,1557,0,789,0.39253500622833215,0.171151566087857,0.4011045909561615,0.02336750161336315,0,0.011841335114286143,"Bloc"
"Quebec",24072,"Sherbrooke",31249,7983,16224,3516,1383,576,0.5128588075035696,0.1310170520752983,0.26626840196287604,0.05770461669757595,0.022697805714660846,0.009453316046019268,"Liberal"
"Quebec",24073,"Terrebonne",23352,10961,23351,1556,630,428,0.3874050233916188,0.18184080427353264,0.38738843359102826,0.025813729718968777,0.010451574372076047,0.0071004346527754735,"Liberal"
"Quebec",24074,"Thérèse-De Blainville",29519,12019,20828,1585,0,446,0.4583909188316226,0.18663912915197914,0.32343121573986366,0.024612947808127707,0,0.0069257884684069135,"Liberal"
"Quebec",24075,"Trois-Rivières",25147,16708,16921,1437,569,535,0.41011465009703674,0.2724856075802795,0.27595935874227373,0.023435588825284993,0.009279645122885986,0.00872514963223902,"Liberal"
"Quebec",24076,"Vaudreuil",40982,16179,10571,1602,957,527,0.578694682142958,0.22845886638990087,0.1492699596147872,0.022621367448953655,0.013513513513513514,0.007441610889886752,"Liberal"
"Quebec",24077,"Ville-Marie—Le Sud-Ouest—Île-des-Sœurs",30905,9113,4364,2932,996,209,0.6369669613965663,0.18782332694408377,0.08994414559244832,0.0604299346647705,0.020528040561429543,0.00430759084070158,"Liberal"
"Quebec",24078,"Vimy",26531,12278,8526,2342,0,0,0.5340700927994847,0.24715663184169737,0.17162872154115585,0.047144553817662097,0,0,"Liberal"
"Ontario",35001,"Ajax",36975,25658,0,1762,612,643,0.5632140137090632,0.39083015993907083,0,0.02683929931454684,0.009322162985529322,0.009794364051789795,"Liberal"
"Ontario",35002,"Algonquin—Renfrew—Pembroke",25338,37333,0,2469,618,1260,0.3780775314094721,0.5570592975021637,0,0.036840848727207616,0.009221403205109075,0.01880091915604763,"Conservative"
"Ontario",35003,"Aurora—Oak Ridges—Richmond Hill",26590,34023,0,835,465,256,0.4277051263491451,0.5472663224436616,0,0.01343113127121234,0.007479612025285914,0.004117807910695041,"Conservative"
"Ontario",35004,"Barrie South—Innisfil",25557,38943,0,2130,0,695,0.3796063869290754,0.5784329743780171,0,0.03163757890828073,0,0.01032305978462681,"Conservative"
"Ontario",35005,"Barrie—Springwater—Oro-Medonte",29150,33949,0,1559,893,158,0.44362263921228445,0.5166567745666499,0,0.023725821424766775,0.013590223561460378,0.0024045412348384543,"Conservative"
"Ontario",35006,"Bay of Quinte",32846,29130,0,2373,833,0,0.5039121229787364,0.44690251910036516,0,0.0364057561903593,0.012779601730539106,0,"Liberal"
"Ontario",35007,"Beaches—East York",39804,13830,0,4027,748,346,0.6774572376818994,0.23538422261935155,0,0.06853884775763765,0.012730831418602671,0.005888860522508723,"Liberal"
"Ontario",35008,"Bowmanville—Oshawa North",32214,35232,0,2032,546,764,0.45507713171724024,0.4977114765214443,0,0.028705430298920722,0.007713171724021021,0.010792789738373736,"Conservative"
"Ontario",35009,"Brampton Centre",19716,19105,0,1085,469,385,0.48370951913640825,0.46871933267909716,0,0.026619234543670264,0.011506378802747791,0.009445534838076546,"Liberal"
"Ontario",35010,"Brampton—Chinguacousy Park",21532,19591,0,1173,521,1263,0.488475499092559,0.4444419237749546,0,0.02661070780399274,0.011819419237749547,0.028652450090744103,"Liberal"
"Ontario",35011,"Brampton East",23616,21731,0,821,0,2437,0.48587593868943524,0.4470939203785619,0,0.016891266330624422,0,0.05013887460137846,"Liberal"
"Ontario",35012,"Brampton North—Caledon",22847,22105,0,1008,0,635,0.49033158064169974,0.47440712522802875,0,0.021633222448760595,0,0.013628071681510891,"Liberal"
"Ontario",35013,"Brampton South",22001,21193,0,777,0,632,0.4932627850144609,0.4751474116090846,0,0.017420352891061138,0,0.01416945048539336,"Liberal"
"Ontario",35014,"Brampton West",20194,21112,0,708,278,95,0.4764196569702975,0.49807724066341097,0,0.01670323448227051,0.006558614669592092,0.0022412532144289524,"Conservative"
"Ontario",35015,"Brantford—Brant South—Six Nations",27032,34501,0,2410,1110,740,0.4108643776693569,0.5243870928518232,0,0.03663003663003663,0.016871095709269982,0.011247397139513322,"Conservative"
"Ontario",35016,"Bruce—Grey—Owen Sound",26837,35484,0,2069,1447,1074,0.4010850233892783,0.5303163904290774,0,0.030921672071856646,0.021625741656827728,0.0160511724529599,"Conservative"
"Ontario",35017,"Burlington",43593,31686,0,1549,595,703,0.5579832578143,0.4055756086322095,0,0.01982694621508845,0.00761590251644779,0.00899828482195428,"Liberal"
"Ontario",35018,"Burlington North—Milton West",37155,31172,0,1507,0,607,0.5274626992802487,0.4425263695858946,0,0.021393790548118283,0,0.00861714058573842,"Liberal"
"Ontario",35019,"Cambridge",30309,31766,0,2183,1052,109,0.4633057674375946,0.4855775844938015,0,0.033369510386890656,0.016080955074213914,0.0016661826074993503,"Conservative"
"Ontario",35020,"Carleton",43846,39333,0,1221,561,1099,0.5094817569137811,0.4570415988844992,0,0.014187775970253311,0.006518707878224494,0.012770160353241924,"Liberal"
"Ontario",35021,"Chatham-Kent—Leamington",25978,41612,0,2943,757,1061,0.35905516164254814,0.5751406338544042,0,0.04067670108222416,0.010462882337493607,0.014664621083329879,"Conservative"
"Ontario",35022,"Davenport",35364,14189,0,10452,782,387,0.5780887305064243,0.23194494393042797,0,0.1708568999901919,0.012783208552653087,0.006326217020302743,"Liberal"
"Ontario",35023,"Don Valley North",25822,20546,0,1191,448,520,0.5321161415294579,0.4233931625692913,0,0.024543037896428792,0.009231973952644919,0.010715684052177139,"Liberal"
"Ontario",35024,"Don Valley West",36744,19480,0,1382,616,442,0.626346652120551,0.3320605482067367,0,0.023557888994954316,0.010500477294422474,0.007534433383335606,"Liberal"
"Ontario",35025,"Dufferin—Caledon",24818,42458,0,1380,927,1012,0.35155464268007647,0.6014306962249452,0,0.019548126637863872,0.013131241589347687,0.014335292867766839,"Conservative"
"Ontario",35026,"Eglinton—Lawrence",29949,29061,0,996,429,326,0.4928984052270371,0.47828376754826285,0,0.016392093612679185,0.0070604499596780826,0.005365283652342786,"Liberal"
"Ontario",35027,"Elgin—St. Thomas—London South",28010,32565,0,3118,0,1256,0.4312614512925526,0.5013934009761505,0,0.04800689771974934,0,0.01933825001154752,"Conservative"
"Ontario",35028,"Essex",29389,46123,0,3826,0,843,0.3665332185929335,0.5752360284855514,0,0.047717040196555295,0,0.010513712724959778,"Conservative"
"Ontario",35029,"Etobicoke Centre",36186,29713,0,1611,0,0,0.5360094800770256,0.44012738853503186,0,0.023863131387942528,0,0,"Liberal"
"Ontario",35030,"Etobicoke—Lakeshore",37512,25348,0,1665,0,813,0.57412225657351,0.3879518809880927,0,0.025482873672288714,0,0.012442988766108543,"Liberal"
"Ontario",35031,"Etobicoke North",22270,17359,0,1354,394,978,0.5257938850194782,0.40984535473970013,0,0.031967890449769804,0.009302325581395349,0.023090544209656474,"Liberal"
"Ontario",35032,"Flamborough—Glanbrook—Brant North",28915,35246,0,1630,594,499,0.4323156509778123,0.5269720710483823,0,0.02437055200047844,0.008881047784223432,0.007460678189103523,"Conservative"
"Ontario",35033,"Guelph",36406,20470,0,2129,6779,809,0.5466940969771598,0.30738966558046643,0,0.03197032721156878,0.10179748622227562,0.012148424008529425,"Liberal"
"Ontario",35034,"Haldimand—Norfolk",26040,41218,0,2412,750,1186,0.3636566768147921,0.575622154568053,0,0.03368432812892774,0.01047398262715415,0.016562857861073095,"Conservative"
"Ontario",35035,"Haliburton—Kawartha Lakes",29223,42701,0,2625,0,954,0.3870442234083414,0.5655536866084792,0,0.03476683045706793,0,0.012635259526111546,"Conservative"
"Ontario",35036,"Hamilton Centre",21388,17079,0,16581,818,1086,0.3755443180221941,0.2998841129372103,0,0.2911399072903498,0.014362972327574098,0.019068689422671724,"Liberal"
"Ontario",35037,"Hamilton East—Stoney Creek",31378,32857,0,2471,0,762,0.46507974150708487,0.4870012450346831,0,0.03662477026145728,0,0.011294243196774767,"Conservative"
"Ontario",35038,"Hamilton Mountain",27302,24857,0,7044,0,690,0.45584625916217253,0.4150234585009934,0,0.11760973736496752,0,0.011520544971866496,"Liberal"
"Ontario",35039,"Hamilton West—Ancaster—Dundas",38970,25547,0,3648,829,470,0.5610100195784867,0.36777323505700793,0,0.0525164113785558,0.011934239318207992,0.006766094667741564,"Liberal"
"Ontario",35040,"Hastings—Lennox and Addington—Tyendinaga",26745,36005,0,2351,803,377,0.40350930130806717,0.5432175133145245,0,0.03547019507852929,0.012115085771186312,0.005687904527692703,"Conservative"
"Ontario",35041,"Humber River—Black Creek",21357,13745,0,2449,0,847,0.5562008437939476,0.357961352153758,0,0.06377936350851607,0,0.022058440543778323,"Liberal"
"Ontario",35042,"Huron—Bruce",28936,37027,0,2300,927,467,0.4154069224916376,0.5315617956558566,0,0.033018935641787615,0.013308066669537879,0.006704279541180355,"Conservative"
"Ontario",35043,"Kanata",45244,26557,0,1702,835,122,0.6076282567821649,0.35666129465484825,0,0.02285791028740263,0.011214074670964276,0.0016384636046199302,"Liberal"
"Ontario",35044,"Kapuskasing—Timmins—Mushkegowuk",18366,23062,0,4895,0,814,0.38963022678575215,0.4892547255871184,0,0.10384623544137302,0,0.01726881218575641,"Conservative"
"Ontario",35045,"Kenora—Kiiwetinoong",9454,13109,0,3698,286,345,0.3515543656105905,0.487468392086866,0,0.13751301502305519,0.010635133125092965,0.012829094154395359,"Conservative"
"Ontario",35046,"Kingston and the Islands",48682,23592,0,3648,1071,0,0.6322912472562441,0.30641746652293067,0,0.04738093073396283,0.013910355486862442,0,"Liberal"
"Ontario",35047,"King—Vaughan",24352,41682,0,769,576,368,0.35945503121909456,0.6152597162974006,0,0.011351056135327026,0.008502221500583051,0.005431974847594727,"Conservative"
"Ontario",35048,"Kitchener Centre",17292,20234,0,1157,19859,542,0.29266806580461713,0.3424615801232144,0,0.01958228962155575,0.3361146841784578,0.009173380272154898,"Conservative"
"Ontario",35049,"Kitchener—Conestoga",30001,29479,0,1821,0,786,0.48320904537181697,0.47480148823425194,0,0.029329811393689502,0,0.012659655000241597,"Liberal"
"Ontario",35050,"Kitchener South—Hespeler",27945,28973,0,1823,1208,482,0.4624282239248068,0.47943936059307307,0,0.030166636329036423,0.01998974036504443,0.007976038788039251,"Conservative"
"Ontario",35051,"Lanark—Frontenac",30900,34186,0,1986,741,0,0.4556648430241989,0.5041216285962868,0,0.029286420007963075,0.010927108371551178,0,"Conservative"
"Ontario",35052,"Leeds—Grenville—Thousand Islands—Rideau Lakes",29656,33437,0,2341,781,596,0.44387900196075497,0.5004714792474293,0,0.035039140261334215,0.011689691817215728,0.00892068671326578,"Conservative"
"Ontario",35053,"London Centre",33999,18633,0,5790,878,623,0.5673781352736011,0.3109490512824792,0,0.09662400080102798,0.01465213690903326,0.010396675733858452,"Liberal"
"Ontario",35054,"London—Fanshawe",17863,23749,0,16135,0,776,0.30523042222715857,0.4058062642038173,0,0.27570356953676334,0,0.013259744032260821,"Conservative"
"Ontario",35055,"London West",35309,23239,0,3463,427,370,0.5621736084575213,0.3700006368615463,0,0.055136288370908164,0.0067984970067507325,0.005890969303273468,"Liberal"
"Ontario",35056,"Markham—Stouffville",31658,27898,0,1121,433,534,0.5135617416131335,0.452566348711959,0,0.018185062617610798,0.007024203491012913,0.008662643566283823,"Liberal"
"Ontario",35057,"Markham—Thornhill",27504,21003,0,1022,0,900,0.5454004640187193,0.41648654544012376,0,0.0202661167185548,0,0.017846873822602072,"Liberal"
"Ontario",35058,"Markham—Unionville",25133,27055,0,723,503,0,0.4705320702437563,0.5065151458419141,0,0.013535777137080165,0.009417006777249411,0,"Conservative"
"Ontario",35059,"Middlesex—London",29400,36093,0,2888,698,768,0.42092001088092545,0.5167437398886137,0,0.04134751671510587,0.009993271006628774,0.010995461508726215,"Conservative"
"Ontario",35060,"Milton East—Halton Hills South",32178,32157,0,1029,672,649,0.48253730224188346,0.4822223888430682,0,0.015430756541950964,0.010077228762090424,0.009732323611006974,"Liberal"
"Ontario",35061,"Mississauga Centre",29605,23010,0,1502,0,859,0.5385077124563445,0.41854627473806755,0,0.027321012805587894,0,0.015625,"Liberal"
"Ontario",35062,"Mississauga East—Cooksville",27138,24112,0,1508,0,1298,0.5020349267426373,0.4460559419860885,0,0.027896995708154508,0,0.02401213556311973,"Liberal"
"Ontario",35063,"Mississauga—Erin Mills",33448,24000,0,1311,367,913,0.5571045487100051,0.39974016889022135,0,0.02183580672562834,0.0061126934159463015,0.015206782258198838,"Liberal"
"Ontario",35064,"Mississauga—Lakeshore",34971,29416,0,1254,587,569,0.5235414764136114,0.44037905893977275,0,0.01877329820201506,0.008787819812267018,0.008518346632333787,"Liberal"
"Ontario",35065,"Mississauga—Malton",26793,21202,0,1290,0,983,0.5330031033659585,0.4217792631495186,0,0.0256624492719026,0,0.019555184212620355,"Liberal"
"Ontario",35066,"Mississauga—Streetsville",31297,27241,0,1388,439,366,0.5153381304440895,0.4485518104427722,0,0.022854884655283132,0.007228598244718513,0.006026576213136619,"Liberal"
"Ontario",35067,"Nepean",46073,24017,0,1424,462,261,0.6378033417777593,0.3324750474133754,0,0.019712889516452788,0.006395614435815441,0.0036131068565970347,"Liberal"
"Ontario",35068,"Newmarket—Aurora",29299,31540,0,1473,0,0,0.47019835665682375,0.5061625369110284,0,0.0236391064321479,0,0,"Conservative"
"Ontario",35069,"New Tecumseth—Gwillimbury",24444,39247,0,1226,712,496,0.3696635160680529,0.5935274102079395,0,0.018540642722117202,0.010767485822306239,0.007500945179584121,"Conservative"
"Ontario",35070,"Niagara Falls—Niagara-on-the-Lake",27199,29774,0,2335,518,769,0.4488654179387738,0.4913606733228814,0,0.038534532552190776,0.00854856011222048,0.012690816073933494,"Conservative"
"Ontario",35071,"Niagara South",33708,36702,0,4307,683,1363,0.43911780415043705,0.4781209697380248,0,0.056107760249078334,0.008897515730234618,0.01775595013222516,"Conservative"
"Ontario",35072,"Niagara West",30424,36418,0,2262,0,1309,0.432079303537699,0.5172056296422536,0,0.03212474969110818,0,0.018590317128939257,"Conservative"
"Ontario",35073,"Nipissing—Timiskaming",27674,26121,0,3548,585,648,0.4724460529909861,0.44593348811800054,0,0.06057088227260311,0.009987025402895384,0.011062551215514886,"Liberal"
"Ontario",35074,"Northumberland—Clarke",32648,34862,0,2090,630,962,0.45859085290482077,0.4896898527924486,0,0.029357231149567366,0.008849308911113608,0.013512754242049669,"Conservative"
"Ontario",35075,"Oakville East",31128,27301,0,1698,351,394,0.5113681167039033,0.4484984886318833,0,0.027894598501774216,0.005766197923511631,0.006472598238927586,"Liberal"
"Ontario",35076,"Oakville West",31872,26668,0,831,363,309,0.5308195793015006,0.4441483603417551,0,0.013840081275086189,0.006045667271788552,0.005146311809869593,"Liberal"
"Ontario",35077,"Orléans",53146,22072,0,2063,652,870,0.6744159486313973,0.280090859485045,0,0.0261792063753918,0.008273796682867403,0.011040188825298529,"Liberal"
"Ontario",35078,"Oshawa",28653,32131,0,5112,804,0,0.42958020989505247,0.48172413793103447,0,0.07664167916041979,0.012053973013493254,0,"Conservative"
"Ontario",35079,"Ottawa Centre",51026,12692,0,15935,916,769,0.6273328579507733,0.15604022720007868,0,0.1959108903587499,0.011261648921783177,0.009454375568614915,"Liberal"
"Ontario",35080,"Ottawa South",43388,18010,0,4017,642,507,0.6518238086653446,0.27056667267592094,0,0.06034793582116459,0.009644853073733549,0.007616729763836308,"Liberal"
"Ontario",35081,"Ottawa—Vanier—Gloucester",45934,14633,0,5164,1345,1107,0.6736869894255166,0.21461361336403503,0,0.07573735388586599,0.01972632474370444,0.016235718580877932,"Liberal"
"Ontario",35082,"Ottawa West—Nepean",43555,18517,0,4847,780,746,0.6363503542990723,0.27053838848710643,0,0.07081598363649645,0.011396011396011397,0.010899262181313464,"Liberal"
"Ontario",35083,"Oxford",27311,38191,0,3046,897,2106,0.3816997666000475,0.5337591368394572,0,0.042571033249011195,0.012536512417716035,0.029433550893768083,"Conservative"
"Ontario",35084,"Parry Sound—Muskoka",27563,33742,0,2300,0,1048,0.4263220577544739,0.5218938022984239,0,0.03557452863749555,0,0.01620961130960667,"Conservative"
"Ontario",35085,"Perth—Wellington",26142,33972,0,2909,0,1069,0.40788241902265493,0.5300505523310242,0,0.04538787992261124,0,0.016679148723709666,"Conservative"
"Ontario",35086,"Peterborough",42890,32446,0,2406,655,662,0.5425062295247853,0.41040235773283246,0,0.030432967783554053,0.008284951744899379,0.008373493213928837,"Liberal"
"Ontario",35087,"Pickering—Brooklin",38578,29320,0,1838,535,961,0.5415824348607368,0.4116127583108715,0,0.02580300988319856,0.007510669362084456,0.013491127583108714,"Liberal"
"Ontario",35088,"Prescott—Russell—Cumberland",39110,28805,0,1730,787,961,0.5478128107797683,0.4034709285224042,0,0.024232067569649685,0.011023489697869539,0.013460703430308293,"Liberal"
"Ontario",35089,"Richmond Hill South",26009,30615,0,1054,495,411,0.4439608084118531,0.5225829578041786,0,0.01799126041239929,0.008449405981155265,0.007015567390413765,"Conservative"
"Ontario",35090,"Sarnia—Lambton—Bkejwanong",28940,40597,0,4088,0,2764,0.3788503580358429,0.5314508633441988,0,0.05351555852282397,0,0.03618322009713441,"Conservative"
"Ontario",35091,"Sault Ste. Marie—Algoma",30936,29208,0,4327,541,305,0.4736286112344413,0.44717301774423196,0,0.06624615337507847,0.008282682915626866,0.004669534730621431,"Liberal"
"Ontario",35092,"Scarborough—Agincourt",27552,21732,0,1449,0,0,0.5430784696351487,0.42836023889775887,0,0.028561291467092426,0,0,"Liberal"
"Ontario",35093,"Scarborough Centre—Don Valley East",27557,18307,0,1565,0,659,0.5730535684578273,0.38069788720678754,0,0.03254450174679754,0,0.01370404258858759,"Liberal"
"Ontario",35094,"Scarborough—Guildwood—Rouge Park",35295,17485,0,1772,633,0,0.6395759717314488,0.3168433451118963,0,0.032110174866358615,0.011470508290296276,0,"Liberal"
"Ontario",35095,"Scarborough North",29418,15487,0,1827,0,0,0.6295044081143542,0.3314003252589232,0,0.03909526662672259,0,0,"Liberal"
"Ontario",35096,"Scarborough Southwest",33495,16652,0,2730,754,845,0.6148579190836332,0.30567589397165723,0,0.0501138115867538,0.013840957485865335,0.015511417872090462,"Liberal"
"Ontario",35097,"Scarborough—Woburn",25281,14291,0,1466,499,331,0.6038263112639725,0.34133467087035446,0,0.035014808445590906,0.011918410241712047,0.007905799178370115,"Liberal"
"Ontario",35098,"Simcoe—Grey",29455,35364,0,1574,991,523,0.43375498844007243,0.5207710545304608,0,0.023178759185356442,0.014593488152915016,0.007701709691195311,"Conservative"
"Ontario",35099,"Simcoe North",29767,32241,0,2508,1260,829,0.4469183995195556,0.48406275805119736,0,0.037654830718414536,0.018917498686284815,0.012446513024547707,"Conservative"
"Ontario",35100,"Spadina—Harbourfront",31832,16286,0,4107,448,317,0.6007171164370636,0.30734100773730894,0,0.07750518965842612,0.00845442536327609,0.005982260803925269,"Liberal"
"Ontario",35101,"St. Catharines",34750,27013,0,4021,0,1026,0.5201317168088609,0.40432569974554705,0,0.06018560095794043,0,0.01535698248765155,"Liberal"
"Ontario",35102,"Stormont—Dundas—Glengarry",26407,37399,0,1653,674,274,0.3976538617916786,0.5631785805713253,0,0.024891954161458882,0.010149532428810216,0.004126071046727002,"Conservative"
"Ontario",35103,"Sudbury",31551,23835,0,4680,0,773,0.5185982675586384,0.39177172537352684,0,0.0769243412942356,0,0.012705665773599172,"Liberal"
"Ontario",35104,"Sudbury East—Manitoulin—Nickel Belt",25075,29156,0,4822,465,805,0.4156789284352569,0.4833313993004327,0,0.07993634268852677,0.007708502561212141,0.013344827014571556,"Conservative"
"Ontario",35105,"Taiaiako'n—Parkdale—High Park",36439,12662,0,15003,700,509,0.557913432241667,0.19386645843859568,0,0.22970924624500483,0.01071762130050679,0.007793241774225652,"Liberal"
"Ontario",35106,"Thornhill",20873,44419,0,833,353,440,0.3119190651244807,0.6637825398248602,0,0.012448070773185093,0.0052751128246510655,0.006575211452822857,"Conservative"
"Ontario",35107,"Thunder Bay—Rainy River",21125,18685,0,2954,334,433,0.48528634766028805,0.42923433874709976,0,0.06785968620063862,0.007672693023362661,0.009946934368610875,"Liberal"
"Ontario",35108,"Thunder Bay—Superior North",25134,16267,0,3235,417,459,0.5522499560555458,0.35742221831604853,0,0.07108015468447881,0.009162418702759712,0.010085252241167166,"Liberal"
"Ontario",35109,"Toronto Centre",37907,12321,0,7358,664,672,0.6433420454159736,0.2091069549574013,0,0.12487695597569669,0.01126913546722786,0.011404908183700485,"Liberal"
"Ontario",35110,"Toronto—Danforth",39191,11187,0,7626,626,251,0.6655967120123639,0.18999337647118764,0,0.12951546339226575,0.010631612914182843,0.0042628352099998304,"Liberal"
"Ontario",35111,"Toronto—St. Paul's",44313,23700,0,2496,552,520,0.6190609239882091,0.3310934465849876,0,0.03486958829857085,0.007711543566030092,0.00726449756220226,"Liberal"
"Ontario",35112,"University—Rosedale",39847,14624,0,6168,1066,560,0.6399582429936561,0.23486710029711716,0,0.09906046735726332,0.017120372600979684,0.008993816750983699,"Liberal"
"Ontario",35113,"Vaughan—Woodbridge",25617,40422,0,891,0,425,0.3803281122411105,0.600133620369683,0,0.013228416598619256,0,0.006309850790587187,"Conservative"
"Ontario",35114,"Waterloo",37579,20571,0,2617,1599,827,0.5946702957606064,0.32552656148624054,0,0.04141281471049008,0.025303435507097304,0.013086892535565648,"Liberal"
"Ontario",35115,"Wellington—Halton Hills North",29609,33736,0,1346,1389,566,0.4442727245446088,0.5061969210455242,0,0.020196260840860666,0.02084146085286439,0.008492632716142003,"Conservative"
"Ontario",35116,"Whitby",35624,29620,0,1638,506,206,0.527029026244933,0.43820457437050625,0,0.024232920081664052,0.0074858715270586145,0.003047607775838092,"Liberal"
"Ontario",35117,"Willowdale",25488,20977,0,1224,0,0,0.5344628740380382,0.43987082975109565,0,0.025666296210866236,0,0,"Liberal"
"Ontario",35118,"Windsor—Tecumseh—Lakeshore",32086,32090,0,4240,468,1254,0.45746956001026545,0.4575265904359976,0,0.060452251276055774,0.006672559810658987,0.017879038467022157,"Conservative"
"Ontario",35119,"Windsor West",16986,21412,0,15256,397,837,0.3094665500655881,0.39010348345722196,0,0.2779478210173444,0.007232910654423553,0.01524923480542195,"Conservative"
"Ontario",35120,"York Centre",20318,26110,0,1191,0,0,0.4266784266784267,0.5483105483105483,0,0.02501102501102501,0,0,"Conservative"
"Ontario",35121,"York—Durham",28726,40329,0,1829,797,901,0.3957730566807197,0.5556336281722741,0,0.02519908517263233,0.010980683916122455,0.012413546058251358,"Conservative"
"Ontario",35122,"York South—Weston—Etobicoke",24663,17746,0,2190,0,0,0.5529944617592323,0.39790129823538645,0,0.049104240005381286,0,0,"Liberal"
"Manitoba",46001,"Brandon—Souris",10766,28624,0,6637,0,0,0.23390618549981532,0.6218958437438895,0,0.14419797075629523,0,0,"Conservative"
"Manitoba",46002,"Churchill—Keewatinook Aski",9313,4927,0,5880,0,349,0.45498070252577066,0.24070545703258586,0,0.28726366700864725,0,0.017050173432996238,"Liberal"
"Manitoba",46003,"Elmwood—Transcona",10512,19463,0,16138,321,396,0.22447149263292762,0.41560965193252186,0,0.34460815716421095,0.006854580397181294,0.008456117873158232,"Conservative"
"Manitoba",46004,"Kildonan—St. Paul",24808,26364,0,3863,0,486,0.44682192323625297,0.4748473550548441,0,0.06957727706633526,0,0.008753444642567677,"Conservative"
"Manitoba",46005,"Portage—Lisgar",10493,31889,0,2011,595,977,0.22828238877406723,0.693766996627869,0,0.04375067986511476,0.012944631785053845,0.021255302947895138,"Conservative"
"Manitoba",46006,"Provencher",13394,34364,0,2398,705,942,0.2585564542594058,0.6633592649074378,0,0.04629075536165859,0.013609250429511804,0.018184275041985984,"Conservative"
"Manitoba",46007,"Riding Mountain",9281,28409,0,3072,547,564,0.2216464069925728,0.6784562844792588,0,0.0733646980154276,0.013063310486470995,0.013469300026269912,"Conservative"
"Manitoba",46008,"St. Boniface—St. Vital",32599,17625,0,3773,0,523,0.597927366104182,0.3232758620689655,0,0.06920396184886281,0,0.009592809977989728,"Liberal"
"Manitoba",46009,"Selkirk—Interlake—Eastman",16570,32788,0,3535,709,877,0.3041538941610529,0.6018465830870611,0,0.06488738780080398,0.013014188953541731,0.016097945997540337,"Conservative"
"Manitoba",46010,"Winnipeg Centre",12138,7658,0,13524,389,580,0.35399107585523054,0.2233369302108548,0,0.3944122021639593,0.011344746128496019,0.01691504564145936,"NDP"
"Manitoba",46011,"Winnipeg North",19792,11740,0,2059,194,388,0.5791706903110643,0.3435460743862113,0,0.06025224592514558,0.00567699645919293,0.01135399291838586,"Liberal"
"Manitoba",46012,"Winnipeg South",27337,16252,0,2114,231,385,0.5901897709363328,0.3508711327964766,0,0.04564001813510654,0.0049871542995315096,0.008311923832552517,"Liberal"
"Manitoba",46013,"Winnipeg South Centre",33834,14748,0,3463,450,683,0.636240550603633,0.27733273158072885,0,0.06512091466395878,0.008462146000225657,0.012843657151453608,"Liberal"
"Manitoba",46014,"Winnipeg West",30276,22659,0,2218,438,0,0.5446205321005199,0.40760194995592813,0,0.03989854472846324,0.007878973215088774,0,"Liberal"
"Saskatchewan",47001,"Battlefords—Lloydminster—Meadow Lake",7073,28634,0,1816,0,264,0.18718077645751185,0.7577738375631831,0,0.048058856220393256,0,0.006986529758911795,"Conservative"
"Saskatchewan",47002,"Carlton Trail—Eagle Creek",8008,36427,0,2616,0,0,0.17019829546662132,0.7742024611591677,0,0.05559924337421096,0,0,"Conservative"
"Saskatchewan",47003,"Desnethé—Missinippi—Churchill River",5876,2301,0,850,0,0,0.6509360806469481,0.2549019607843137,0,0.09416195856873823,0,0,"Liberal"
"Saskatchewan",47004,"Moose Jaw—Lake Centre—Lanigan",7661,32991,0,3458,411,1358,0.16698271540356155,0.7190871640619891,0,0.07537217463327449,0.008958346956123717,0.02959959894505111,"Conservative"
"Saskatchewan",47005,"Prince Albert",7451,27763,0,3630,0,0,0.1918185562763876,0.714730717742766,0,0.09345072598084646,0,0,"Conservative"
"Saskatchewan",47006,"Regina—Lewvan",18893,21988,0,2573,272,243,0.42968909913802905,0.5000796015374468,0,0.058518501671632285,0.006186176624439947,0.005526621028451864,"Conservative"
"Saskatchewan",47007,"Regina—Qu'Appelle",11391,27024,0,3388,0,441,0.26964776062872836,0.6397121484707887,0,0.08020073856642364,0,0.010439352334059274,"Conservative"
"Saskatchewan",47008,"Regina—Wascana",19252,22072,0,2138,289,326,0.4367810876420809,0.5007600335776028,0,0.04850602354969712,0.006556707579916964,0.00739614765070218,"Conservative"
"Saskatchewan",47009,"Saskatoon South",20107,24516,0,4515,310,308,0.40411206688640566,0.49272449553822656,0,0.09074282498593135,0.006230404373341909,0.0061902082160945416,"Conservative"
"Saskatchewan",47010,"Saskatoon—University",19622,23178,0,4035,263,327,0.41374802319451764,0.4887295730100158,0,0.08508170795993675,0.005545598313125988,0.006895097522403796,"Conservative"
"Saskatchewan",47011,"Saskatoon West",10254,19814,0,7187,376,0,0.27248810820865776,0.526533974648561,0,0.19098615503175573,0.009991762111025483,0,"Conservative"
"Saskatchewan",47012,"Souris—Moose Mountain",4051,34793,0,1888,235,461,0.09778410736699816,0.8398426185188761,0,0.045573042386791544,0.005672492034372888,0.011127739692961281,"Conservative"
"Saskatchewan",47013,"Swift Current—Grasslands—Kindersley",4420,32292,0,2250,0,426,0.11221691885853559,0.8198436071900072,0,0.05712399715649436,0,0.010815476794962933,"Conservative"
"Saskatchewan",47014,"Yorkton—Melville",5338,28702,0,2034,713,226,0.1442195985194391,0.7754572717693783,0,0.05495366492853862,0.01926350201280631,0.006105962769837625,"Conservative"
"Alberta",48001,"Airdrie—Cochrane",16714,50252,0,2591,0,1003,0.2368764172335601,0.71218820861678,0,0.036720521541950116,0,0.01421485260770975,"Conservative"
"Alberta",48002,"Battle River—Crowfoot",7566,53684,0,2061,474,1022,0.1167466477386702,0.8283673060008949,0,0.03180212014134275,0.0073140247195519,0.015769901399540175,"Conservative"
"Alberta",48003,"Bow River",9562,44605,0,1689,0,698,0.16907734200940694,0.788715210241539,0,0.029865261519963222,0,0.01234218622909078,"Conservative"
"Alberta",48004,"Calgary Centre",28824,31604,0,1665,362,491,0.45791630921742443,0.5020811489212976,0,0.026451243923362882,0.005750961141295714,0.007800336796619325,"Conservative"
"Alberta",48005,"Calgary Confederation",33112,31839,0,2844,400,644,0.4810064062522698,0.4625139818997952,0,0.04131379014802655,0.00581065965513735,0.009355162044771133,"Liberal"
"Alberta",48006,"Calgary Crowfoot",25386,39971,0,1741,346,491,0.37368072422168247,0.5883712372120409,0,0.025627437992198424,0.0050931037020681535,0.007227496872010009,"Conservative"
"Alberta",48007,"Calgary East",17062,32490,0,2092,664,1366,0.3178820285426836,0.6053210120356225,0,0.03897604054104408,0.012370980362931773,0.025449938517718075,"Conservative"
"Alberta",48008,"Calgary Heritage",23673,42088,0,1691,493,548,0.3456265603784328,0.6144861518695341,0,0.024688654315039492,0.0071978158351948375,0.008000817601798724,"Conservative"
"Alberta",48009,"Calgary McKnight",19546,20863,0,1204,273,592,0.46014407457978246,0.49114835915061916,0,0.028344083996421677,0.006426856255002589,0.013936626018174114,"Conservative"
"Alberta",48010,"Calgary Midnapore",21979,48131,0,2271,495,556,0.2993109271162436,0.6554499400806189,0,0.030926571521952283,0.006740930384573483,0.007571630896611831,"Conservative"
"Alberta",48011,"Calgary Nose Hill",22276,36597,0,1975,430,314,0.36167034679828547,0.594184309650604,0,0.03206585270814392,0.00698142615924146,0.005098064683725159,"Conservative"
"Alberta",48012,"Calgary Shepard",18421,44363,0,1780,302,383,0.2823185029655627,0.6799031402780119,0,0.02728011157259115,0.004628423424113779,0.005869821759720456,"Conservative"
"Alberta",48013,"Calgary Signal Hill",25174,41638,0,1656,0,757,0.3636547490068617,0.6014879017695919,0,0.02392199349945829,0,0.010935355724088118,"Conservative"
"Alberta",48014,"Calgary Skyview",18842,27808,0,1351,0,2151,0.37569787844951347,0.554474397830595,0,0.026938108151220292,0,0.04288961556867124,"Conservative"
"Alberta",48015,"Edmonton Centre",24138,20626,0,8440,0,1224,0.44348497097082384,0.3789593591533769,0,0.15506724480047035,0,0.022488425075328874,"Liberal"
"Alberta",48016,"Edmonton Gateway",19435,26385,0,2565,0,3767,0.3726606841540114,0.505924988495168,0,0.04918315692590888,0,0.0722311704249118,"Conservative"
"Alberta",48017,"Edmonton Griesbach",8973,22256,0,16717,302,718,0.18324960176448965,0.4545194624841727,0,0.3414001552097374,0.006167544827022832,0.014663235714577462,"Conservative"
"Alberta",48018,"Edmonton Manning",17603,26445,0,4935,0,824,0.3534242174794708,0.5309494649346478,0,0.09908245828899552,0,0.01654385929688598,"Conservative"
"Alberta",48019,"Edmonton Northwest",20907,29194,0,3597,335,593,0.38272983560941676,0.5344341522351993,0,0.06584776480064439,0.00613261084465273,0.010855636510086772,"Conservative"
"Alberta",48020,"Edmonton Riverbend",27075,30343,0,2563,0,410,0.44832839330363794,0.502442416916428,0,0.04244009869020218,0,0.0067890910897319134,"Conservative"
"Alberta",48021,"Edmonton Southeast",18481,25206,0,2536,0,1441,0.3877349781805975,0.5288267875125882,0,0.053205773749580396,0,0.03023246055723397,"Conservative"
"Alberta",48022,"Edmonton Strathcona",10709,19768,0,28027,366,817,0.17941930403605474,0.3311943974399785,0,0.4695662372040813,0.006131988540218138,0.013688072779667264,"NDP"
"Alberta",48023,"Edmonton West",23995,31201,0,3164,0,655,0.406591544522579,0.5286960942133356,0,0.05361348809624672,0,0.011098873167838684,"Conservative"
"Alberta",48024,"Foothills",13706,54874,0,1923,589,796,0.19065768973959493,0.7633262853327398,0,0.026749944357890052,0.008193300689962163,0.011072779879813043,"Conservative"
"Alberta",48025,"Fort McMurray—Cold Lake",7193,39649,0,1337,290,997,0.14541301095702097,0.8015404520276553,0,0.027028666154530385,0.0058626127036752514,0.02015525815711802,"Conservative"
"Alberta",48026,"Grande Prairie",6946,47904,0,2460,0,1342,0.11842733410625383,0.8167496419559436,0,0.04194230375775762,0,0.02288072018004501,"Conservative"
"Alberta",48027,"Lakeland",6886,45826,0,2153,411,1317,0.12167582563214532,0.8097467884720725,0,0.03804357429364055,0.007262382273426042,0.023271429328715565,"Conservative"
"Alberta",48028,"Leduc—Wetaskiwin",11136,47947,0,3927,0,1151,0.17356337962313556,0.7472919686413865,0,0.06120540515266283,0,0.017939246582815104,"Conservative"
"Alberta",48029,"Lethbridge",21899,40866,0,2431,457,1284,0.3271583727983029,0.6105143642529542,0,0.03631773159836862,0.00682731523671512,0.019182216113659112,"Conservative"
"Alberta",48030,"Medicine Hat—Cardston—Warner",9554,41518,0,2588,440,0,0.1765988909426987,0.7674306839186691,0,0.047837338262476894,0.008133086876155268,0,"Conservative"
"Alberta",48031,"Parkland",12690,53468,0,2949,449,1551,0.17846344241776477,0.7519372213706105,0,0.04147271014105503,0.006314427552842899,0.021812198517726807,"Conservative"
"Alberta",48032,"Peace River—Westlock",6278,41130,0,2913,0,3048,0.11763383237459948,0.770672113024415,0,0.0545822481215687,0,0.05711180647941689,"Conservative"
"Alberta",48033,"Ponoka—Didsbury",0,56106,0,7414,0,5059,0,0.8181221656775398,0,0.10810889630936583,0,0.07376893801309439,"Conservative"
"Alberta",48034,"Red Deer",13564,44239,0,2375,618,1032,0.21938280390761467,0.7155172413793104,0,0.03841301675616226,0.00999547130749822,0.016691466649414503,"Conservative"
"Alberta",48035,"Sherwood Park—Fort Saskatchewan",22178,54131,0,4136,448,734,0.27169931517757606,0.663150673184118,0,0.050669508863488796,0.00548838007031987,0.008992122704497287,"Conservative"
"Alberta",48036,"St. Albert—Sturgeon River",22977,49216,0,3684,0,1084,0.29855381297020567,0.6394927300840686,0,0.04786840087836697,0,0.014085056067358792,"Conservative"
"Alberta",48037,"Yellowhead",17469,47863,0,2753,0,1205,0.2521143022081108,0.6907634579304373,0,0.03973156299610334,0,0.017390676865348537,"Conservative"
"British Columbia",59001,"Abbotsford—South Langley",18969,24116,0,2104,577,10206,0.3389015936539698,0.43085828628600015,0,0.0375902236832702,0.010308725791467162,0.18234117058529264,"Conservative"
"British Columbia",59002,"Burnaby Central",21745,19889,0,9353,0,506,0.4222904084050259,0.3862466743052454,0,0.18163633891985317,0,0.009826578369875516,"Liberal"
"British Columbia",59003,"Burnaby North—Seymour",37829,21742,0,4121,0,366,0.5905429454556808,0.3394111586374848,0,0.06433232383152768,0,0.005713572075306753,"Liberal"
"British Columbia",59004,"Cariboo—Prince George",19243,38175,0,3900,1155,818,0.30404006888815155,0.6031663269659193,0,0.06162013556429824,0.018249040147888324,0.012924428433742554,"Conservative"
"British Columbia",59005,"Chilliwack—Hope",23254,36027,0,4779,1083,611,0.3536514888828056,0.5479058308239803,0,0.07267998905009582,0.016470480883292272,0.009292210359826018,"Conservative"
"British Columbia",59006,"Cloverdale—Langley City",24828,25606,0,2350,493,289,0.4635029683007878,0.47802710674681703,0,0.0438711122727103,0.009203599298062203,0.005395213381622671,"Conservative"
"British Columbia",59007,"Columbia—Kootenay—Southern Rockies",20184,36081,0,12871,1064,1342,0.2821279807665427,0.5043331190070168,0,0.1799083056106902,0.01487238265634173,0.01875821195940846,"Conservative"
"British Columbia",59008,"Coquitlam—Port Coquitlam",27250,24730,0,4253,504,785,0.4737317895761622,0.42992246444838494,0,0.07393692847953827,0.00876186502555544,0.013646952470359167,"Liberal"
"British Columbia",59009,"Courtenay—Alberni",18078,28028,0,31617,1352,691,0.22663791590401924,0.3513777800065191,0,0.3963718877717323,0.01694957751422912,0.008662838803500238,"NDP"
"British Columbia",59010,"Cowichan—Malahat—Langford",21478,28370,0,24826,1500,0,0.2819597237902696,0.3724367894557198,0,0.3259117284112689,0.019691758342741617,0,"Conservative"
"British Columbia",59011,"Delta",32802,27314,0,2787,0,390,0.51825636326292,0.43154851247373327,0,0.04403330542082063,0,0.006161818842526029,"Liberal"
"British Columbia",59012,"Esquimalt—Saanich—Sooke",36181,21082,0,13666,1959,447,0.49336605986227583,0.2874752846526215,0,0.18635031022022228,0.026713029249335243,0.006095316015545102,"Liberal"
"British Columbia",59013,"Fleetwood—Port Kells",23250,21439,0,2885,460,499,0.47905548801846165,0.44174067129581934,0,0.05944408958852739,0.009478087074773866,0.010281664022417737,"Liberal"
"British Columbia",59014,"Kamloops—Shuswap—Central Rockies",26529,35556,0,3730,1639,602,0.38981133184436345,0.5224520982720113,0,0.05480780533678147,0.02408310802868226,0.008845656518161514,"Conservative"
"British Columbia",59015,"Kamloops—Thompson—Nicola",24961,32008,0,3681,936,516,0.4019355254259122,0.5154101317187852,0,0.059273453350938775,0.01507197835818492,0.008308911146178866,"Conservative"
"British Columbia",59016,"Kelowna",28702,27620,0,1941,578,0,0.48778912662939106,0.46940058802535645,0,0.032987202800768174,0.009823082544484288,0,"Liberal"
"British Columbia",59017,"Langley Township—Fraser Heights",28034,33574,0,2611,491,650,0.42891676866585066,0.5136780905752754,0,0.03994798041615667,0.007512239902080784,0.009944920440636475,"Conservative"
"British Columbia",59018,"Mission—Matsqui—Abbotsford",21838,33791,0,2745,723,502,0.3664155438849645,0.5669726002114129,0,0.04605781976207655,0.012131076024765515,0.008422960116780483,"Conservative"
"British Columbia",59019,"Nanaimo—Ladysmith",20656,26381,0,13586,13485,289,0.2776456039894082,0.35459763162493113,0,0.182614890385365,0.1812573087624501,0.003884565237845612,"Conservative"
"British Columbia",59020,"New Westminster—Burnaby—Maillardville",19547,17507,0,17574,690,385,0.35091467245929303,0.314291869378669,0,0.3154946771269052,0.012387124571387537,0.006911656463745221,"Liberal"
"British Columbia",59021,"North Island—Powell River",21218,31356,0,26357,1505,493,0.26218042975941874,0.3874507284162661,0,0.325680534789754,0.01859654759109837,0.006091759443462789,"Conservative"
"British Columbia",59022,"North Vancouver—Capilano",37907,21339,0,2684,1076,358,0.598241903920207,0.33676851208888325,0,0.042358436967363175,0.016981251183637396,0.0056498958399090965,"Liberal"
"British Columbia",59023,"Okanagan Lake West—South Kelowna",28827,33219,0,2189,602,397,0.44190146242756845,0.509228316522059,0,0.03355612104117485,0.009228316522059049,0.006085783487138609,"Conservative"
"British Columbia",59024,"Pitt Meadows—Maple Ridge",30728,31924,0,4141,0,540,0.456358694845024,0.47412115901563867,0,0.06150030445695276,0,0.008019841682384567,"Conservative"
"British Columbia",59025,"Port Moody—Coquitlam",27074,25126,0,9360,519,117,0.43530130555019614,0.4039809634060068,0,0.1504919930542157,0.008344588076403626,0.0018811499131776964,"Liberal"
"British Columbia",59026,"Prince George—Peace River—Northern Rockies",11545,41956,0,3542,1259,690,0.19570450230539735,0.7112150800108489,0,0.06004203959858964,0.021341876864659614,0.011696501220504476,"Conservative"
"British Columbia",59027,"Richmond Centre—Marpole",21232,23532,0,2109,420,193,0.4471212567914754,0.49555658509876593,0,0.044413090173946006,0.008844712125679147,0.004064355810133513,"Conservative"
"British Columbia",59028,"Richmond East—Steveston",25705,24605,0,2251,494,0,0.4844972198661766,0.4637640184713976,0,0.042427669399679575,0.009311092262746207,0,"Liberal"
"British Columbia",59029,"Saanich—Gulf Islands",25409,20015,0,3163,31199,0,0.3184643922492668,0.2508585466121876,0,0.03964354648685233,0.3910335146516933,0,"Green"
"British Columbia",59030,"Similkameen—South Okanagan—West Kootenay",25431,30054,0,11033,1044,654,0.37280110238067315,0.4405711270083265,0,0.16173624956022048,0.015304327430514835,0.00958719362026504,"Conservative"
"British Columbia",59031,"Skeena—Bulkley Valley",4923,21202,0,17677,528,602,0.10956556574379062,0.4718686014421793,0,0.393416718596991,0.011751090536811181,0.0133980236802279,"Conservative"
"British Columbia",59032,"South Surrey—White Rock",33094,29924,0,1634,875,0,0.5050437224350268,0.45666671753628274,0,0.024936285805851024,0.01335327422283944,0,"Liberal"
"British Columbia",59033,"Surrey Centre",19900,17920,0,2811,395,428,0.4800501760988083,0.4322863897331982,0,0.06781010276451006,0.00952863414869494,0.01032469725478844,"Liberal"
"British Columbia",59034,"Surrey Newton",20263,18023,0,2467,0,222,0.4945210494203783,0.4398535692495424,0,0.060207443563148264,0,0.005417937766931055,"Liberal"
"British Columbia",59035,"Vancouver Centre",29855,16368,0,6807,757,274,0.5522465363200829,0.30276909417139897,0,0.12591332013836223,0.014002700652966094,0.005068348717189841,"Liberal"
"British Columbia",59036,"Vancouver East",20287,10162,0,24945,1099,658,0.35497191650189847,0.17780966212314744,0,0.4364753022694266,0.01922975975923431,0.011513359346293153,"NDP"
"British Columbia",59037,"Vancouver Fraserview—South Burnaby",27117,18500,0,5088,658,482,0.5230398302632848,0.3568328672003086,0,0.09813868261163082,0.012691677114475842,0.009296942810299932,"Liberal"
"British Columbia",59038,"Vancouver Granville",37010,17133,0,4489,945,0,0.6212128841667086,0.28757742081675813,0,0.0753478691441328,0.015861825872400422,0,"Liberal"
"British Columbia",59039,"Vancouver Kingsway",18485,12352,0,18788,499,322,0.36643143162986164,0.24485588550132814,0,0.3724378543392935,0.009891765452166672,0.006383063077350037,"NDP"
"British Columbia",59040,"Vancouver Quadra",35384,17008,0,2391,1032,182,0.6318909941604014,0.3037305569941247,0,0.042698716002643,0.018429558726360342,0.0032501741164705253,"Liberal"
"British Columbia",59041,"Vernon—Lake Country—Monashee",28769,33850,0,3417,1105,0,0.4284863198343784,0.5041628811009666,0,0.050892897037577635,0.016457902027077344,0,"Conservative"
"British Columbia",59042,"Victoria",41128,12870,0,18877,2350,543,0.5428149086685672,0.16986062717770034,0,0.24914211804455708,0.03101573223524443,0.007166613873930947,"Liberal"
"British Columbia",59043,"West Vancouver—Sunshine Coast—Sea to Sky Country",38384,21181,0,2070,2205,407,0.597444238641493,0.32968076330412316,0,0.03221940324061824,0.03432066866935421,0.006334926144411412,"Liberal"
"Yukon",60001,"Yukon",12009,8719,0,1434,474,0,0.5305265948047359,0.3851828945043294,0,0.06335041526771515,0.02094009542321965,0,"Liberal"
"Northwest Territories",61001,"Northwest Territories",8855,5513,0,2011,170,0,0.5350776481962657,0.33313191129373376,0,0.12151791649042239,0.010272524019578223,0,"Liberal"
"Nunavut",62001,"Nunavut",2812,1992,0,2853,0,0,0.36724565756823824,0.26015410735274913,0,0.3726002350790127,0,0,"NDP"
